ID,Age
18967,100
18968,100
18969,100
18970,100
18971,100
18972,100
18973,100
18974,100
18975,100
18976,100
18977,100
18978,100
18979,100
18980,100
18981,100
18982,100
18983,100
18984,100
18985,100
18986,100
18987,100
18988,100
18989,100
18990,100
18991,100
18992,100
18993,100
18994,100
18995,100
18996,100
18997,100
18998,100
18999,100
19000,100
19001,100
19002,100
19003,100
19004,100
19005,100
19006,100
19007,100
19008,100
19009,100
19010,100
19011,100
19012,100
19013,100
19014,100
19015,100
19016,100
19017,100
19018,100
19019,100
19020,100
19021,100
19022,100
19023,100
19024,100
19025,100
19026,100
19027,100
19028,100
19029,100
19030,100
19031,100
19032,100
19033,100
19034,100
19035,100
19036,100
19037,100
19038,100
19039,100
19040,100
19041,100
19042,100
19043,100
19044,100
19045,100
19046,100
19047,100
19048,100
19049,100
19050,100
19051,100
19052,100
19053,100
19054,100
19055,100
19056,100
19057,100
19058,100
19059,100
19060,100
19061,100
19062,100
19063,100
19064,100
19065,100
19066,100
19067,100
19068,100
19069,100
19070,100
19071,100
19072,100
19073,100
19074,100
19075,100
19076,100
19077,100
19078,100
19079,100
19080,100
19081,100
19082,100
19083,100
19084,100
19085,100
19086,100
19087,100
19088,100
19089,100
19090,100
19091,100
19092,100
19093,100
19094,100
19095,100
19096,100
19097,100
19098,100
19099,100
19100,100
19101,100
19102,100
19103,100
19104,100
19105,100
19106,100
19107,100
19108,100
19109,100
19110,100
19111,100
19112,100
19113,100
19114,100
19115,100
19116,100
19117,100
19118,100
19119,100
19120,100
19121,100
19122,100
19123,100
19124,100
19125,100
19126,100
19127,100
19128,100
19129,100
19130,100
19131,100
19132,100
19133,100
19134,100
19135,100
19136,100
19137,100
19138,100
19139,100
19140,100
19141,100
19142,100
19143,100
19144,100
19145,100
19146,100
19147,100
19148,100
19149,100
19150,100
19151,100
19152,100
19153,100
19154,100
19155,100
19156,100
19157,100
19158,100
19159,100
19160,100
19161,100
19162,100
19163,100
19164,100
19165,100
19166,100
19167,100
19168,100
19169,100
19170,100
19171,100
19172,100
19173,100
19174,100
19175,100
19176,100
19177,100
19178,100
19179,100
19180,100
19181,100
19182,100
19183,100
19184,100
19185,100
19186,100
19187,100
19188,100
19189,100
19190,100
19191,100
19192,100
19193,100
19194,100
19195,100
19196,100
19197,100
19198,100
19199,100
19200,100
19201,100
19202,100
19203,100
19204,100
19205,100
19206,100
19207,100
19208,100
19209,100
19210,100
19211,100
19212,100
19213,100
19214,100
19215,100
19216,100
19217,100
19218,100
19219,100
19220,100
19221,100
19222,100
19223,100
19224,100
19225,100
19226,100
19227,100
19228,100
19229,100
19230,100
19231,100
19232,100
19233,100
19234,100
19235,100
19236,100
19237,100
19238,100
19239,100
19240,100
19241,100
19242,100
19243,100
19244,100
19245,100
19246,100
19247,100
19248,100
19249,100
19250,100
19251,100
19252,100
19253,100
19254,100
19255,100
19256,100
19257,100
19258,100
19259,100
19260,100
19261,100
19262,100
19263,100
19264,100
19265,100
19266,100
19267,100
19268,100
19269,100
19270,100
19271,100
19272,100
19273,100
19274,100
19275,100
19276,100
19277,100
19278,100
19279,100
19280,100
19281,100
19282,100
19283,100
19284,100
19285,100
19286,100
19287,100
19288,100
19289,100
19290,100
19291,100
19292,100
19293,100
19294,100
19295,100
19296,100
19297,100
19298,100
19299,100
19300,100
19301,100
19302,100
19303,100
19304,100
19305,100
19306,100
19307,100
19308,100
19309,100
19310,100
19311,100
19312,100
19313,100
19314,100
19315,100
19316,100
19317,100
19318,100
19319,100
19320,100
19321,100
19322,100
19323,100
19324,100
19325,100
19326,100
19327,100
19328,100
19329,100
19330,100
19331,100
19332,100
19333,100
19334,100
19335,100
19336,100
19337,100
19338,100
19339,100
19340,100
19341,100
19342,100
19343,100
19344,100
19345,100
19346,100
19347,100
19348,100
19349,100
19350,100
19351,100
19352,100
19353,100
19354,100
19355,100
19356,100
19357,100
19358,100
19359,100
19360,100
19361,100
19362,100
19363,100
19364,100
19365,100
19366,100
19367,100
19368,100
19369,100
19370,100
19371,100
19372,100
19373,100
19374,100
19375,100
19376,100
19377,100
19378,100
19379,100
19380,100
19381,100
19382,100
19383,100
19384,100
19385,100
19386,100
19387,100
19388,100
19389,100
19390,100
19391,100
19392,100
19393,100
19394,100
19395,100
19396,100
19397,100
19398,100
19399,100
19400,100
19401,100
19402,100
19403,100
19404,100
19405,100
19406,100
19407,100
19408,100
19409,100
19410,100
19411,100
19412,100
19413,100
19414,100
19415,100
19416,100
19417,100
19418,100
19419,100
19420,100
19421,100
19422,100
19423,100
19424,100
19425,100
19426,100
19427,100
19428,100
19429,100
19430,100
19431,100
19432,100
19433,100
19434,100
19435,100
19436,100
19437,100
19438,100
19439,100
19440,100
19441,100
19442,100
19443,100
19444,100
19445,100
19446,100
19447,100
19448,100
19449,100
19450,100
19451,100
19452,100
19453,100
19454,100
19455,100
19456,100
19457,100
19458,100
19459,100
19460,100
19461,100
19462,100
19463,100
19464,100
19465,100
19466,100
19467,100
19468,100
19469,100
19470,100
19471,100
19472,100
19473,100
19474,100
19475,100
19476,100
19477,100
19478,100
19479,100
19480,100
19481,100
19482,100
19483,100
19484,100
19485,100
19486,100
19487,100
19488,100
19489,100
19490,100
19491,100
19492,100
19493,100
19494,100
19495,100
19496,100
19497,100
19498,100
19499,100
19500,100
19501,100
19502,100
19503,100
19504,100
19505,100
19506,100
19507,100
19508,100
19509,100
19510,100
19511,100
19512,100
19513,100
19514,100
19515,100
19516,100
19517,100
19518,100
19519,100
19520,100
19521,100
19522,100
19523,100
19524,100
19525,100
19526,100
19527,100
19528,100
19529,100
19530,100
19531,100
19532,100
19533,100
19534,100
19535,100
19536,100
19537,100
19538,100
19539,100
19540,100
19541,100
19542,100
19543,100
19544,100
19545,100
19546,100
19547,100
19548,100
19549,100
19550,100
19551,100
19552,100
19553,100
19554,100
19555,100
19556,100
19557,100
19558,100
19559,100
19560,100
19561,100
19562,100
19563,100
19564,100
19565,100
19566,100
19567,100
19568,100
19569,100
19570,100
19571,100
19572,100
19573,100
19574,100
19575,100
19576,100
19577,100
19578,100
19579,100
19580,100
19581,100
19582,100
19583,100
19584,100
19585,100
19586,100
19587,100
19588,100
19589,100
19590,100
19591,100
19592,100
19593,100
19594,100
19595,100
19596,100
19597,100
19598,100
19599,100
19600,100
19601,100
19602,100
19603,100
19604,100
19605,100
19606,100
19607,100
19608,100
19609,100
19610,100
19611,100
19612,100
19613,100
19614,100
19615,100
19616,100
19617,100
19618,100
19619,100
19620,100
19621,100
19622,100
19623,100
19624,100
19625,100
19626,100
19627,100
19628,100
19629,100
19630,100
19631,100
19632,100
19633,100
19634,100
19635,100
19636,100
19637,100
19638,100
19639,100
19640,100
19641,100
19642,100
19643,100
19644,100
19645,100
19646,100
19647,100
19648,100
19649,100
19650,100
19651,100
19652,100
19653,100
19654,100
19655,100
19656,100
19657,100
19658,100
19659,100
19660,100
19661,100
19662,100
19663,100
19664,100
19665,100
19666,100
19667,100
19668,100
19669,100
19670,100
19671,100
19672,100
19673,100
19674,100
19675,100
19676,100
19677,100
19678,100
19679,100
19680,100
19681,100
19682,100
19683,100
19684,100
19685,100
19686,100
19687,100
19688,100
19689,100
19690,100
19691,100
19692,100
19693,100
19694,100
19695,100
19696,100
19697,100
19698,100
19699,100
19700,100
19701,100
19702,100
19703,100
19704,100
19705,100
19706,100
19707,100
19708,100
19709,100
19710,100
19711,100
19712,100
19713,100
19714,100
19715,100
19716,100
19717,100
19718,100
19719,100
19720,100
19721,100
19722,100
19723,100
19724,100
19725,100
19726,100
19727,100
19728,100
19729,100
19730,100
19731,100
19732,100
19733,100
19734,100
19735,100
19736,100
19737,100
19738,100
19739,100
19740,100
19741,100
19742,100
19743,100
19744,100
19745,100
19746,100
19747,100
19748,100
19749,100
19750,100
19751,100
19752,100
19753,100
19754,100
19755,100
19756,100
19757,100
19758,100
19759,100
19760,100
19761,100
19762,100
19763,100
19764,100
19765,100
19766,100
19767,100
19768,100
19769,100
19770,100
19771,100
19772,100
19773,100
19774,100
19775,100
19776,100
19777,100
19778,100
19779,100
19780,100
19781,100
19782,100
19783,100
19784,100
19785,100
19786,100
19787,100
19788,100
19789,100
19790,100
19791,100
19792,100
19793,100
19794,100
19795,100
19796,100
19797,100
19798,100
19799,100
19800,100
19801,100
19802,100
19803,100
19804,100
19805,100
19806,100
19807,100
19808,100
19809,100
19810,100
19811,100
19812,100
19813,100
19814,100
19815,100
19816,100
19817,100
19818,100
19819,100
19820,100
19821,100
19822,100
19823,100
19824,100
19825,100
19826,100
19827,100
19828,100
19829,100
19830,100
19831,100
19832,100
19833,100
19834,100
19835,100
19836,100
19837,100
19838,100
19839,100
19840,100
19841,100
19842,100
19843,100
19844,100
19845,100
19846,100
19847,100
19848,100
19849,100
19850,100
19851,100
19852,100
19853,100
19854,100
19855,100
19856,100
19857,100
19858,100
19859,100
19860,100
19861,100
19862,100
19863,100
19864,100
19865,100
19866,100
19867,100
19868,100
19869,100
19870,100
19871,100
19872,100
19873,100
19874,100
19875,100
19876,100
19877,100
19878,100
19879,100
19880,100
19881,100
19882,100
19883,100
19884,100
19885,100
19886,100
19887,100
19888,100
19889,100
19890,100
19891,100
19892,100
19893,100
19894,100
19895,100
19896,100
19897,100
19898,100
19899,100
19900,100
19901,100
19902,100
19903,100
19904,100
19905,100
19906,100
19907,100
19908,100
19909,100
19910,100
19911,100
19912,100
19913,100
19914,100
19915,100
19916,100
19917,100
19918,100
19919,100
19920,100
19921,100
19922,100
19923,100
19924,100
19925,100
19926,100
19927,100
19928,100
19929,100
19930,100
19931,100
19932,100
19933,100
19934,100
19935,100
19936,100
19937,100
19938,100
19939,100
19940,100
19941,100
19942,100
19943,100
19944,100
19945,100
19946,100
19947,100
19948,100
19949,100
19950,100
19951,100
19952,100
19953,100
19954,100
19955,100
19956,100
19957,100
19958,100
19959,100
19960,100
19961,100
19962,100
19963,100
19964,100
19965,100
19966,100
19967,100
19968,100
19969,100
19970,100
19971,100
19972,100
19973,100
19974,100
19975,100
19976,100
19977,100
19978,100
19979,100
19980,100
19981,100
19982,100
19983,100
19984,100
19985,100
19986,100
19987,100
19988,100
19989,100
19990,100
19991,100
19992,100
19993,100
19994,100
19995,100
19996,100
19997,100
19998,100
19999,100
20000,100
20001,100
20002,100
20003,100
20004,100
20005,100
20006,100
20007,100
20008,100
20009,100
20010,100
20011,100
20012,100
20013,100
20014,100
20015,100
20016,100
20017,100
20018,100
20019,100
20020,100
20021,100
20022,100
20023,100
20024,100
20025,100
20026,100
20027,100
20028,100
20029,100
20030,100
20031,100
20032,100
20033,100
20034,100
20035,100
20036,100
20037,100
20038,100
20039,100
20040,100
20041,100
20042,100
20043,100
20044,100
20045,100
20046,100
20047,100
20048,100
20049,100
20050,100
20051,100
20052,100
20053,100
20054,100
20055,100
20056,100
20057,100
20058,100
20059,100
20060,100
20061,100
20062,100
20063,100
20064,100
20065,100
20066,100
20067,100
20068,100
20069,100
20070,100
20071,100
20072,100
20073,100
20074,100
20075,100
20076,100
20077,100
20078,100
20079,100
20080,100
20081,100
20082,100
20083,100
20084,100
20085,100
20086,100
20087,100
20088,100
20089,100
20090,100
20091,100
20092,100
20093,100
20094,100
20095,100
20096,100
20097,100
20098,100
20099,100
20100,100
20101,100
20102,100
20103,100
20104,100
20105,100
20106,100
20107,100
20108,100
20109,100
20110,100
20111,100
20112,100
20113,100
20114,100
20115,100
20116,100
20117,100
20118,100
20119,100
20120,100
20121,100
20122,100
20123,100
20124,100
20125,100
20126,100
20127,100
20128,100
20129,100
20130,100
20131,100
20132,100
20133,100
20134,100
20135,100
20136,100
20137,100
20138,100
20139,100
20140,100
20141,100
20142,100
20143,100
20144,100
20145,100
20146,100
20147,100
20148,100
20149,100
20150,100
20151,100
20152,100
20153,100
20154,100
20155,100
20156,100
20157,100
20158,100
20159,100
20160,100
20161,100
20162,100
20163,100
20164,100
20165,100
20166,100
20167,100
20168,100
20169,100
20170,100
20171,100
20172,100
20173,100
20174,100
20175,100
20176,100
20177,100
20178,100
20179,100
20180,100
20181,100
20182,100
20183,100
20184,100
20185,100
20186,100
20187,100
20188,100
20189,100
20190,100
20191,100
20192,100
20193,100
20194,100
20195,100
20196,100
20197,100
20198,100
20199,100
20200,100
20201,100
20202,100
20203,100
20204,100
20205,100
20206,100
20207,100
20208,100
20209,100
20210,100
20211,100
20212,100
20213,100
20214,100
20215,100
20216,100
20217,100
20218,100
20219,100
20220,100
20221,100
20222,100
20223,100
20224,100
20225,100
20226,100
20227,100
20228,100
20229,100
20230,100
20231,100
20232,100
20233,100
20234,100
20235,100
20236,100
20237,100
20238,100
20239,100
20240,100
20241,100
20242,100
20243,100
20244,100
20245,100
20246,100
20247,100
20248,100
20249,100
20250,100
20251,100
20252,100
20253,100
20254,100
20255,100
20256,100
20257,100
20258,100
20259,100
20260,100
20261,100
20262,100
20263,100
20264,100
20265,100
20266,100
20267,100
20268,100
20269,100
20270,100
20271,100
20272,100
20273,100
20274,100
20275,100
20276,100
20277,100
20278,100
20279,100
20280,100
20281,100
20282,100
20283,100
20284,100
20285,100
20286,100
20287,100
20288,100
20289,100
20290,100
20291,100
20292,100
20293,100
20294,100
20295,100
20296,100
20297,100
20298,100
20299,100
20300,100
20301,100
20302,100
20303,100
20304,100
20305,100
20306,100
20307,100
20308,100
20309,100
20310,100
20311,100
20312,100
20313,100
20314,100
20315,100
20316,100
20317,100
20318,100
20319,100
20320,100
20321,100
20322,100
20323,100
20324,100
20325,100
20326,100
20327,100
20328,100
20329,100
20330,100
20331,100
20332,100
20333,100
20334,100
20335,100
20336,100
20337,100
20338,100
20339,100
20340,100
20341,100
20342,100
20343,100
20344,100
20345,100
20346,100
20347,100
20348,100
20349,100
20350,100
20351,100
20352,100
20353,100
20354,100
20355,100
20356,100
20357,100
20358,100
20359,100
20360,100
20361,100
20362,100
20363,100
20364,100
20365,100
20366,100
20367,100
20368,100
20369,100
20370,100
20371,100
20372,100
20373,100
20374,100
20375,100
20376,100
20377,100
20378,100
20379,100
20380,100
20381,100
20382,100
20383,100
20384,100
20385,100
20386,100
20387,100
20388,100
20389,100
20390,100
20391,100
20392,100
20393,100
20394,100
20395,100
20396,100
20397,100
20398,100
20399,100
20400,100
20401,100
20402,100
20403,100
20404,100
20405,100
20406,100
20407,100
20408,100
20409,100
20410,100
20411,100
20412,100
20413,100
20414,100
20415,100
20416,100
20417,100
20418,100
20419,100
20420,100
20421,100
20422,100
20423,100
20424,100
20425,100
20426,100
20427,100
20428,100
20429,100
20430,100
20431,100
20432,100
20433,100
20434,100
20435,100
20436,100
20437,100
20438,100
20439,100
20440,100
20441,100
20442,100
20443,100
20444,100
20445,100
20446,100
20447,100
20448,100
20449,100
20450,100
20451,100
20452,100
20453,100
20454,100
20455,100
20456,100
20457,100
20458,100
20459,100
20460,100
20461,100
20462,100
20463,100
20464,100
20465,100
20466,100
20467,100
20468,100
20469,100
20470,100
20471,100
20472,100
20473,100
20474,100
20475,100
20476,100
20477,100
20478,100
20479,100
20480,100
20481,100
20482,100
20483,100
20484,100
20485,100
20486,100
20487,100
20488,100
20489,100
20490,100
20491,100
20492,100
20493,100
20494,100
20495,100
20496,100
20497,100
20498,100
20499,100
20500,100
20501,100
20502,100
20503,100
20504,100
20505,100
20506,100
20507,100
20508,100
20509,100
20510,100
20511,100
20512,100
20513,100
20514,100
20515,100
20516,100
20517,100
20518,100
20519,100
20520,100
20521,100
20522,100
20523,100
20524,100
20525,100
20526,100
20527,100
20528,100
20529,100
20530,100
20531,100
20532,100
20533,100
20534,100
20535,100
20536,100
20537,100
20538,100
20539,100
20540,100
20541,100
20542,100
20543,100
20544,100
20545,100
20546,100
20547,100
20548,100
20549,100
20550,100
20551,100
20552,100
20553,100
20554,100
20555,100
20556,100
20557,100
20558,100
20559,100
20560,100
20561,100
20562,100
20563,100
20564,100
20565,100
20566,100
20567,100
20568,100
20569,100
20570,100
20571,100
20572,100
20573,100
20574,100
20575,100
20576,100
20577,100
20578,100
20579,100
20580,100
20581,100
20582,100
20583,100
20584,100
20585,100
20586,100
20587,100
20588,100
20589,100
20590,100
20591,100
20592,100
20593,100
20594,100
20595,100
20596,100
20597,100
20598,100
20599,100
20600,100
20601,100
20602,100
20603,100
20604,100
20605,100
20606,100
20607,100
20608,100
20609,100
20610,100
20611,100
20612,100
20613,100
20614,100
20615,100
20616,100
20617,100
20618,100
20619,100
20620,100
20621,100
20622,100
20623,100
20624,100
20625,100
20626,100
20627,100
20628,100
20629,100
20630,100
20631,100
20632,100
20633,100
20634,100
20635,100
20636,100
20637,100
20638,100
20639,100
20640,100
20641,100
20642,100
20643,100
20644,100
20645,100
20646,100
20647,100
20648,100
20649,100
20650,100
20651,100
20652,100
20653,100
20654,100
20655,100
20656,100
20657,100
20658,100
20659,100
20660,100
20661,100
20662,100
20663,100
20664,100
20665,100
20666,100
20667,100
20668,100
20669,100
20670,100
20671,100
20672,100
20673,100
20674,100
20675,100
20676,100
20677,100
20678,100
20679,100
20680,100
20681,100
20682,100
20683,100
20684,100
20685,100
20686,100
20687,100
20688,100
20689,100
20690,100
20691,100
20692,100
20693,100
20694,100
20695,100
20696,100
20697,100
20698,100
20699,100
20700,100
20701,100
20702,100
20703,100
20704,100
20705,100
20706,100
20707,100
20708,100
20709,100
20710,100
20711,100
20712,100
20713,100
20714,100
20715,100
20716,100
20717,100
20718,100
20719,100
20720,100
20721,100
20722,100
20723,100
20724,100
20725,100
20726,100
20727,100
20728,100
20729,100
20730,100
20731,100
20732,100
20733,100
20734,100
20735,100
20736,100
20737,100
20738,100
20739,100
20740,100
20741,100
20742,100
20743,100
20744,100
20745,100
20746,100
20747,100
20748,100
20749,100
20750,100
20751,100
20752,100
20753,100
20754,100
20755,100
20756,100
20757,100
20758,100
20759,100
20760,100
20761,100
20762,100
20763,100
20764,100
20765,100
20766,100
20767,100
20768,100
20769,100
20770,100
20771,100
20772,100
20773,100
20774,100
20775,100
20776,100
20777,100
20778,100
20779,100
20780,100
20781,100
20782,100
20783,100
20784,100
20785,100
20786,100
20787,100
20788,100
20789,100
20790,100
20791,100
20792,100
20793,100
20794,100
20795,100
20796,100
20797,100
20798,100
20799,100
20800,100
20801,100
20802,100
20803,100
20804,100
20805,100
20806,100
20807,100
20808,100
20809,100
20810,100
20811,100
20812,100
20813,100
20814,100
20815,100
20816,100
20817,100
20818,100
20819,100
20820,100
20821,100
20822,100
20823,100
20824,100
20825,100
20826,100
20827,100
20828,100
20829,100
20830,100
20831,100
20832,100
20833,100
20834,100
20835,100
20836,100
20837,100
20838,100
20839,100
20840,100
20841,100
20842,100
20843,100
20844,100
20845,100
20846,100
20847,100
20848,100
20849,100
20850,100
20851,100
20852,100
20853,100
20854,100
20855,100
20856,100
20857,100
20858,100
20859,100
20860,100
20861,100
20862,100
20863,100
20864,100
20865,100
20866,100
20867,100
20868,100
20869,100
20870,100
20871,100
20872,100
20873,100
20874,100
20875,100
20876,100
20877,100
20878,100
20879,100
20880,100
20881,100
20882,100
20883,100
20884,100
20885,100
20886,100
20887,100
20888,100
20889,100
20890,100
20891,100
20892,100
20893,100
20894,100
20895,100
20896,100
20897,100
20898,100
20899,100
20900,100
20901,100
20902,100
20903,100
20904,100
20905,100
20906,100
20907,100
20908,100
20909,100
20910,100
20911,100
20912,100
20913,100
20914,100
20915,100
20916,100
20917,100
20918,100
20919,100
20920,100
20921,100
20922,100
20923,100
20924,100
20925,100
20926,100
20927,100
20928,100
20929,100
20930,100
20931,100
20932,100
20933,100
20934,100
20935,100
20936,100
20937,100
20938,100
20939,100
20940,100
20941,100
20942,100
20943,100
20944,100
20945,100
20946,100
20947,100
20948,100
20949,100
20950,100
20951,100
20952,100
20953,100
20954,100
20955,100
20956,100
20957,100
20958,100
20959,100
20960,100
20961,100
20962,100
20963,100
20964,100
20965,100
20966,100
20967,100
20968,100
20969,100
20970,100
20971,100
20972,100
20973,100
20974,100
20975,100
20976,100
20977,100
20978,100
20979,100
20980,100
20981,100
20982,100
20983,100
20984,100
20985,100
20986,100
20987,100
20988,100
20989,100
20990,100
20991,100
20992,100
20993,100
20994,100
20995,100
20996,100
20997,100
20998,100
20999,100
21000,100
21001,100
21002,100
21003,100
21004,100
21005,100
21006,100
21007,100
21008,100
21009,100
21010,100
21011,100
21012,100
21013,100
21014,100
21015,100
21016,100
21017,100
21018,100
21019,100
21020,100
21021,100
21022,100
21023,100
21024,100
21025,100
21026,100
21027,100
21028,100
21029,100
21030,100
21031,100
21032,100
21033,100
21034,100
21035,100
21036,100
21037,100
21038,100
21039,100
21040,100
21041,100
21042,100
21043,100
21044,100
21045,100
21046,100
21047,100
21048,100
21049,100
21050,100
21051,100
21052,100
21053,100
21054,100
21055,100
21056,100
21057,100
21058,100
21059,100
21060,100
21061,100
21062,100
21063,100
21064,100
21065,100
21066,100
21067,100
21068,100
21069,100
21070,100
21071,100
21072,100
21073,100
21074,100
21075,100
21076,100
21077,100
21078,100
21079,100
21080,100
21081,100
21082,100
21083,100
21084,100
21085,100
21086,100
21087,100
21088,100
21089,100
21090,100
21091,100
21092,100
21093,100
21094,100
21095,100
21096,100
21097,100
21098,100
21099,100
21100,100
21101,100
21102,100
21103,100
21104,100
21105,100
21106,100
21107,100
21108,100
21109,100
21110,100
21111,100
21112,100
21113,100
21114,100
21115,100
21116,100
21117,100
21118,100
21119,100
21120,100
21121,100
21122,100
21123,100
21124,100
21125,100
21126,100
21127,100
21128,100
21129,100
21130,100
21131,100
21132,100
21133,100
21134,100
21135,100
21136,100
21137,100
21138,100
21139,100
21140,100
21141,100
21142,100
21143,100
21144,100
21145,100
21146,100
21147,100
21148,100
21149,100
21150,100
21151,100
21152,100
21153,100
21154,100
21155,100
21156,100
21157,100
21158,100
21159,100
21160,100
21161,100
21162,100
21163,100
21164,100
21165,100
21166,100
21167,100
21168,100
21169,100
21170,100
21171,100
21172,100
21173,100
21174,100
21175,100
21176,100
21177,100
21178,100
21179,100
21180,100
21181,100
21182,100
21183,100
21184,100
21185,100
21186,100
21187,100
21188,100
21189,100
21190,100
21191,100
21192,100
21193,100
21194,100
21195,100
21196,100
21197,100
21198,100
21199,100
21200,100
21201,100
21202,100
21203,100
21204,100
21205,100
21206,100
21207,100
21208,100
21209,100
21210,100
21211,100
21212,100
21213,100
21214,100
21215,100
21216,100
21217,100
21218,100
21219,100
21220,100
21221,100
21222,100
21223,100
21224,100
21225,100
21226,100
21227,100
21228,100
21229,100
21230,100
21231,100
21232,100
21233,100
21234,100
21235,100
21236,100
21237,100
21238,100
21239,100
21240,100
21241,100
21242,100
21243,100
21244,100
21245,100
21246,100
21247,100
21248,100
21249,100
21250,100
21251,100
21252,100
21253,100
21254,100
21255,100
21256,100
21257,100
21258,100
21259,100
21260,100
21261,100
21262,100
21263,100
21264,100
21265,100
21266,100
21267,100
21268,100
21269,100
21270,100
21271,100
21272,100
21273,100
21274,100
21275,100
21276,100
21277,100
21278,100
21279,100
21280,100
21281,100
21282,100
21283,100
21284,100
21285,100
21286,100
21287,100
21288,100
21289,100
21290,100
21291,100
21292,100
21293,100
21294,100
21295,100
21296,100
21297,100
21298,100
21299,100
21300,100
21301,100
21302,100
21303,100
21304,100
21305,100
21306,100
21307,100
21308,100
21309,100
21310,100
21311,100
21312,100
21313,100
21314,100
21315,100
21316,100
21317,100
21318,100
21319,100
21320,100
21321,100
21322,100
21323,100
21324,100
21325,100
21326,100
21327,100
21328,100
21329,100
21330,100
21331,100
21332,100
21333,100
21334,100
21335,100
21336,100
21337,100
21338,100
21339,100
21340,100
21341,100
21342,100
21343,100
21344,100
21345,100
21346,100
21347,100
21348,100
21349,100
21350,100
21351,100
21352,100
21353,100
21354,100
21355,100
21356,100
21357,100
21358,100
21359,100
21360,100
21361,100
21362,100
21363,100
21364,100
21365,100
21366,100
21367,100
21368,100
21369,100
21370,100
21371,100
21372,100
21373,100
21374,100
21375,100
21376,100
21377,100
21378,100
21379,100
21380,100
21381,100
21382,100
21383,100
21384,100
21385,100
21386,100
21387,100
21388,100
21389,100
21390,100
21391,100
21392,100
21393,100
21394,100
21395,100
21396,100
21397,100
21398,100
21399,100
21400,100
21401,100
21402,100
21403,100
21404,100
21405,100
21406,100
21407,100
21408,100
21409,100
21410,100
21411,100
21412,100
21413,100
21414,100
21415,100
21416,100
21417,100
21418,100
21419,100
21420,100
21421,100
21422,100
21423,100
21424,100
21425,100
21426,100
21427,100
21428,100
21429,100
21430,100
21431,100
21432,100
21433,100
21434,100
21435,100
21436,100
21437,100
21438,100
21439,100
21440,100
21441,100
21442,100
21443,100
21444,100
21445,100
21446,100
21447,100
21448,100
21449,100
21450,100
21451,100
21452,100
21453,100
21454,100
21455,100
21456,100
21457,100
21458,100
21459,100
21460,100
21461,100
21462,100
21463,100
21464,100
21465,100
21466,100
21467,100
21468,100
21469,100
21470,100
21471,100
21472,100
21473,100
21474,100
21475,100
21476,100
21477,100
21478,100
21479,100
21480,100
21481,100
21482,100
21483,100
21484,100
21485,100
21486,100
21487,100
21488,100
21489,100
21490,100
21491,100
21492,100
21493,100
21494,100
21495,100
21496,100
21497,100
21498,100
21499,100
21500,100
21501,100
21502,100
21503,100
21504,100
21505,100
21506,100
21507,100
21508,100
21509,100
21510,100
21511,100
21512,100
21513,100
21514,100
21515,100
21516,100
21517,100
21518,100
21519,100
21520,100
21521,100
21522,100
21523,100
21524,100
21525,100
21526,100
21527,100
21528,100
21529,100
21530,100
21531,100
21532,100
21533,100
21534,100
21535,100
21536,100
21537,100
21538,100
21539,100
21540,100
21541,100
21542,100
21543,100
21544,100
21545,100
21546,100
21547,100
21548,100
21549,100
21550,100
21551,100
21552,100
21553,100
21554,100
21555,100
21556,100
21557,100
21558,100
21559,100
21560,100
21561,100
21562,100
21563,100
21564,100
21565,100
21566,100
21567,100
21568,100
21569,100
21570,100
21571,100
21572,100
21573,100
21574,100
21575,100
21576,100
21577,100
21578,100
21579,100
21580,100
21581,100
21582,100
21583,100
21584,100
21585,100
21586,100
21587,100
21588,100
21589,100
21590,100
21591,100
21592,100
21593,100
21594,100
21595,100
21596,100
21597,100
21598,100
21599,100
21600,100
21601,100
21602,100
21603,100
21604,100
21605,100
21606,100
21607,100
21608,100
21609,100
21610,100
21611,100
21612,100
21613,100
21614,100
21615,100
21616,100
21617,100
21618,100
21619,100
21620,100
21621,100
21622,100
21623,100
21624,100
21625,100
21626,100
21627,100
21628,100
21629,100
21630,100
21631,100
21632,100
21633,100
21634,100
21635,100
21636,100
21637,100
21638,100
21639,100
21640,100
21641,100
21642,100
21643,100
21644,100
21645,100
21646,100
21647,100
21648,100
21649,100
21650,100
21651,100
21652,100
21653,100
21654,100
21655,100
21656,100
21657,100
21658,100
21659,100
21660,100
21661,100
21662,100
21663,100
21664,100
21665,100
21666,100
21667,100
21668,100
21669,100
21670,100
21671,100
21672,100
21673,100
21674,100
21675,100
21676,100
21677,100
21678,100
21679,100
21680,100
21681,100
21682,100
21683,100
21684,100
21685,100
21686,100
21687,100
21688,100
21689,100
21690,100
21691,100
21692,100
21693,100
21694,100
21695,100
21696,100
21697,100
21698,100
21699,100
21700,100
21701,100
21702,100
21703,100
21704,100
21705,100
21706,100
21707,100
21708,100
21709,100
21710,100
21711,100
21712,100
21713,100
21714,100
21715,100
21716,100
21717,100
21718,100
21719,100
21720,100
21721,100
21722,100
21723,100
21724,100
21725,100
21726,100
21727,100
21728,100
21729,100
21730,100
21731,100
21732,100
21733,100
21734,100
21735,100
21736,100
21737,100
21738,100
21739,100
21740,100
21741,100
21742,100
21743,100
21744,100
21745,100
21746,100
21747,100
21748,100
21749,100
21750,100
21751,100
21752,100
21753,100
21754,100
21755,100
21756,100
21757,100
21758,100
21759,100
21760,100
21761,100
21762,100
21763,100
21764,100
21765,100
21766,100
21767,100
21768,100
21769,100
21770,100
21771,100
21772,100
21773,100
21774,100
21775,100
21776,100
21777,100
21778,100
21779,100
21780,100
21781,100
21782,100
21783,100
21784,100
21785,100
21786,100
21787,100
21788,100
21789,100
21790,100
21791,100
21792,100
21793,100
21794,100
21795,100
21796,100
21797,100
21798,100
21799,100
21800,100
21801,100
21802,100
21803,100
21804,100
21805,100
21806,100
21807,100
21808,100
21809,100
21810,100
21811,100
21812,100
21813,100
21814,100
21815,100
21816,100
21817,100
21818,100
21819,100
21820,100
21821,100
21822,100
21823,100
21824,100
21825,100
21826,100
21827,100
21828,100
21829,100
21830,100
21831,100
21832,100
21833,100
21834,100
21835,100
21836,100
21837,100
21838,100
21839,100
21840,100
21841,100
21842,100
21843,100
21844,100
21845,100
21846,100
21847,100
21848,100
21849,100
21850,100
21851,100
21852,100
21853,100
21854,100
21855,100
21856,100
21857,100
21858,100
21859,100
21860,100
21861,100
21862,100
21863,100
21864,100
21865,100
21866,100
21867,100
21868,100
21869,100
21870,100
21871,100
21872,100
21873,100
21874,100
21875,100
21876,100
21877,100
21878,100
21879,100
21880,100
21881,100
21882,100
21883,100
21884,100
21885,100
21886,100
21887,100
21888,100
21889,100
21890,100
21891,100
21892,100
21893,100
21894,100
21895,100
21896,100
21897,100
21898,100
21899,100
21900,100
21901,100
21902,100
21903,100
21904,100
21905,100
21906,100
21907,100
21908,100
21909,100
21910,100
21911,100
21912,100
21913,100
21914,100
21915,100
21916,100
21917,100
21918,100
21919,100
21920,100
21921,100
21922,100
21923,100
21924,100
21925,100
21926,100
21927,100
21928,100
21929,100
21930,100
21931,100
21932,100
21933,100
21934,100
21935,100
21936,100
21937,100
21938,100
21939,100
21940,100
21941,100
21942,100
21943,100
21944,100
21945,100
21946,100
21947,100
21948,100
21949,100
21950,100
21951,100
21952,100
21953,100
21954,100
21955,100
21956,100
21957,100
21958,100
21959,100
21960,100
21961,100
21962,100
21963,100
21964,100
21965,100
21966,100
21967,100
21968,100
21969,100
21970,100
21971,100
21972,100
21973,100
21974,100
21975,100
21976,100
21977,100
21978,100
21979,100
21980,100
21981,100
21982,100
21983,100
21984,100
21985,100
21986,100
21987,100
21988,100
21989,100
21990,100
21991,100
21992,100
21993,100
21994,100
21995,100
21996,100
21997,100
21998,100
21999,100
22000,100
22001,100
22002,100
22003,100
22004,100
22005,100
22006,100
22007,100
22008,100
22009,100
22010,100
22011,100
22012,100
22013,100
22014,100
22015,100
22016,100
22017,100
22018,100
22019,100
22020,100
22021,100
22022,100
22023,100
22024,100
22025,100
22026,100
22027,100
22028,100
22029,100
22030,100
22031,100
22032,100
22033,100
22034,100
22035,100
22036,100
22037,100
22038,100
22039,100
22040,100
22041,100
22042,100
22043,100
22044,100
22045,100
22046,100
22047,100
22048,100
22049,100
22050,100
22051,100
22052,100
22053,100
22054,100
22055,100
22056,100
22057,100
22058,100
22059,100
22060,100
22061,100
22062,100
22063,100
22064,100
22065,100
22066,100
22067,100
22068,100
22069,100
22070,100
22071,100
22072,100
22073,100
22074,100
22075,100
22076,100
22077,100
22078,100
22079,100
22080,100
22081,100
22082,100
22083,100
22084,100
22085,100
22086,100
22087,100
22088,100
22089,100
22090,100
22091,100
22092,100
22093,100
22094,100
22095,100
22096,100
22097,100
22098,100
22099,100
22100,100
22101,100
22102,100
22103,100
22104,100
22105,100
22106,100
22107,100
22108,100
22109,100
22110,100
22111,100
22112,100
22113,100
22114,100
22115,100
22116,100
22117,100
22118,100
22119,100
22120,100
22121,100
22122,100
22123,100
22124,100
22125,100
22126,100
22127,100
22128,100
22129,100
22130,100
22131,100
22132,100
22133,100
22134,100
22135,100
22136,100
22137,100
22138,100
22139,100
22140,100
22141,100
22142,100
22143,100
22144,100
22145,100
22146,100
22147,100
22148,100
22149,100
22150,100
22151,100
22152,100
22153,100
22154,100
22155,100
22156,100
22157,100
22158,100
22159,100
22160,100
22161,100
22162,100
22163,100
22164,100
22165,100
22166,100
22167,100
22168,100
22169,100
22170,100
22171,100
22172,100
22173,100
22174,100
22175,100
22176,100
22177,100
22178,100
22179,100
22180,100
22181,100
22182,100
22183,100
22184,100
22185,100
22186,100
22187,100
22188,100
22189,100
22190,100
22191,100
22192,100
22193,100
22194,100
22195,100
22196,100
22197,100
22198,100
22199,100
22200,100
22201,100
22202,100
22203,100
22204,100
22205,100
22206,100
22207,100
22208,100
22209,100
22210,100
22211,100
22212,100
22213,100
22214,100
22215,100
22216,100
22217,100
22218,100
22219,100
22220,100
22221,100
22222,100
22223,100
22224,100
22225,100
22226,100
22227,100
22228,100
22229,100
22230,100
22231,100
22232,100
22233,100
22234,100
22235,100
22236,100
22237,100
22238,100
22239,100
22240,100
22241,100
22242,100
22243,100
22244,100
22245,100
22246,100
22247,100
22248,100
22249,100
22250,100
22251,100
22252,100
22253,100
22254,100
22255,100
22256,100
22257,100
22258,100
22259,100
22260,100
22261,100
22262,100
22263,100
22264,100
22265,100
22266,100
22267,100
22268,100
22269,100
22270,100
22271,100
22272,100
22273,100
22274,100
22275,100
22276,100
22277,100
22278,100
22279,100
22280,100
22281,100
22282,100
22283,100
22284,100
22285,100
22286,100
22287,100
22288,100
22289,100
22290,100
22291,100
22292,100
22293,100
22294,100
22295,100
22296,100
22297,100
22298,100
22299,100
22300,100
22301,100
22302,100
22303,100
22304,100
22305,100
22306,100
22307,100
22308,100
22309,100
22310,100
22311,100
22312,100
22313,100
22314,100
22315,100
22316,100
22317,100
22318,100
22319,100
22320,100
22321,100
22322,100
22323,100
22324,100
22325,100
22326,100
22327,100
22328,100
22329,100
22330,100
22331,100
22332,100
22333,100
22334,100
22335,100
22336,100
22337,100
22338,100
22339,100
22340,100
22341,100
22342,100
22343,100
22344,100
22345,100
22346,100
22347,100
22348,100
22349,100
22350,100
22351,100
22352,100
22353,100
22354,100
22355,100
22356,100
22357,100
22358,100
22359,100
22360,100
22361,100
22362,100
22363,100
22364,100
22365,100
22366,100
22367,100
22368,100
22369,100
22370,100
22371,100
22372,100
22373,100
22374,100
22375,100
22376,100
22377,100
22378,100
22379,100
22380,100
22381,100
22382,100
22383,100
22384,100
22385,100
22386,100
22387,100
22388,100
22389,100
22390,100
22391,100
22392,100
22393,100
22394,100
22395,100
22396,100
22397,100
22398,100
22399,100
22400,100
22401,100
22402,100
22403,100
22404,100
22405,100
22406,100
22407,100
22408,100
22409,100
22410,100
22411,100
22412,100
22413,100
22414,100
22415,100
22416,100
22417,100
22418,100
22419,100
22420,100
22421,100
22422,100
22423,100
22424,100
22425,100
22426,100
22427,100
22428,100
22429,100
22430,100
22431,100
22432,100
22433,100
22434,100
22435,100
22436,100
22437,100
22438,100
22439,100
22440,100
22441,100
22442,100
22443,100
22444,100
22445,100
22446,100
22447,100
22448,100
22449,100
22450,100
22451,100
22452,100
22453,100
22454,100
22455,100
22456,100
22457,100
22458,100
22459,100
22460,100
22461,100
22462,100
22463,100
22464,100
22465,100
22466,100
22467,100
22468,100
22469,100
22470,100
22471,100
22472,100
22473,100
22474,100
22475,100
22476,100
22477,100
22478,100
22479,100
22480,100
22481,100
22482,100
22483,100
22484,100
22485,100
22486,100
22487,100
22488,100
22489,100
22490,100
22491,100
22492,100
22493,100
22494,100
22495,100
22496,100
22497,100
22498,100
22499,100
22500,100
22501,100
22502,100
22503,100
22504,100
22505,100
22506,100
22507,100
22508,100
22509,100
22510,100
22511,100
22512,100
22513,100
22514,100
22515,100
22516,100
22517,100
22518,100
22519,100
22520,100
22521,100
22522,100
22523,100
22524,100
22525,100
22526,100
22527,100
22528,100
22529,100
22530,100
22531,100
22532,100
22533,100
22534,100
22535,100
22536,100
22537,100
22538,100
22539,100
22540,100
22541,100
22542,100
22543,100
22544,100
22545,100
22546,100
22547,100
22548,100
22549,100
22550,100
22551,100
22552,100
22553,100
22554,100
22555,100
22556,100
22557,100
22558,100
22559,100
22560,100
22561,100
22562,100
22563,100
22564,100
22565,100
22566,100
22567,100
22568,100
22569,100
22570,100
22571,100
22572,100
22573,100
22574,100
22575,100
22576,100
22577,100
22578,100
22579,100
22580,100
22581,100
22582,100
22583,100
22584,100
22585,100
22586,100
22587,100
22588,100
22589,100
22590,100
22591,100
22592,100
22593,100
22594,100
22595,100
22596,100
22597,100
22598,100
22599,100
22600,100
22601,100
22602,100
22603,100
22604,100
22605,100
22606,100
22607,100
22608,100
22609,100
22610,100
22611,100
22612,100
22613,100
22614,100
22615,100
22616,100
22617,100
22618,100
22619,100
22620,100
22621,100
22622,100
22623,100
22624,100
22625,100
22626,100
22627,100
22628,100
22629,100
22630,100
22631,100
22632,100
22633,100
22634,100
22635,100
22636,100
22637,100
22638,100
22639,100
22640,100
22641,100
22642,100
22643,100
22644,100
22645,100
22646,100
22647,100
22648,100
22649,100
22650,100
22651,100
22652,100
22653,100
22654,100
22655,100
22656,100
22657,100
22658,100
22659,100
22660,100
22661,100
22662,100
22663,100
22664,100
22665,100
22666,100
22667,100
22668,100
22669,100
22670,100
22671,100
22672,100
22673,100
22674,100
22675,100
22676,100
22677,100
22678,100
22679,100
22680,100
22681,100
22682,100
22683,100
22684,100
22685,100
22686,100
22687,100
22688,100
22689,100
22690,100
22691,100
22692,100
22693,100
22694,100
22695,100
22696,100
22697,100
22698,100
22699,100
22700,100
22701,100
22702,100
22703,100
22704,100
22705,100
22706,100
22707,100
22708,100
22709,100
22710,100
22711,100
22712,100
22713,100
22714,100
22715,100
22716,100
22717,100
22718,100
22719,100
22720,100
22721,100
22722,100
22723,100
22724,100
22725,100
22726,100
22727,100
22728,100
22729,100
22730,100
22731,100
22732,100
22733,100
22734,100
22735,100
22736,100
22737,100
22738,100
22739,100
22740,100
22741,100
22742,100
22743,100
22744,100
22745,100
22746,100
22747,100
22748,100
22749,100
22750,100
22751,100
22752,100
22753,100
22754,100
22755,100
22756,100
22757,100
22758,100
22759,100
22760,100
22761,100
22762,100
22763,100
22764,100
22765,100
22766,100
22767,100
22768,100
22769,100
22770,100
22771,100
22772,100
22773,100
22774,100
22775,100
22776,100
22777,100
22778,100
22779,100
22780,100
22781,100
22782,100
22783,100
22784,100
22785,100
22786,100
22787,100
22788,100
22789,100
22790,100
22791,100
22792,100
22793,100
22794,100
22795,100
22796,100
22797,100
22798,100
22799,100
22800,100
22801,100
22802,100
22803,100
22804,100
22805,100
22806,100
22807,100
22808,100
22809,100
22810,100
22811,100
22812,100
22813,100
22814,100
22815,100
22816,100
22817,100
22818,100
22819,100
22820,100
22821,100
22822,100
22823,100
22824,100
22825,100
22826,100
22827,100
22828,100
22829,100
22830,100
22831,100
22832,100
22833,100
22834,100
22835,100
22836,100
22837,100
22838,100
22839,100
22840,100
22841,100
22842,100
22843,100
22844,100
22845,100
22846,100
22847,100
22848,100
22849,100
22850,100
22851,100
22852,100
22853,100
22854,100
22855,100
22856,100
22857,100
22858,100
22859,100
22860,100
22861,100
22862,100
22863,100
22864,100
22865,100
22866,100
22867,100
22868,100
22869,100
22870,100
22871,100
22872,100
22873,100
22874,100
22875,100
22876,100
22877,100
22878,100
22879,100
22880,100
22881,100
22882,100
22883,100
22884,100
22885,100
22886,100
22887,100
22888,100
22889,100
22890,100
22891,100
22892,100
22893,100
22894,100
22895,100
22896,100
22897,100
22898,100
22899,100
22900,100
22901,100
22902,100
22903,100
22904,100
22905,100
22906,100
22907,100
22908,100
22909,100
22910,100
22911,100
22912,100
22913,100
22914,100
22915,100
22916,100
22917,100
22918,100
22919,100
22920,100
22921,100
22922,100
22923,100
22924,100
22925,100
22926,100
22927,100
22928,100
22929,100
22930,100
22931,100
22932,100
22933,100
22934,100
22935,100
22936,100
22937,100
22938,100
22939,100
22940,100
22941,100
22942,100
22943,100
22944,100
22945,100
22946,100
22947,100
22948,100
22949,100
22950,100
22951,100
22952,100
22953,100
22954,100
22955,100
22956,100
22957,100
22958,100
22959,100
22960,100
22961,100
22962,100
22963,100
22964,100
22965,100
22966,100
22967,100
22968,100
22969,100
22970,100
22971,100
22972,100
22973,100
22974,100
22975,100
22976,100
22977,100
22978,100
22979,100
22980,100
22981,100
22982,100
22983,100
22984,100
22985,100
22986,100
22987,100
22988,100
22989,100
22990,100
22991,100
22992,100
22993,100
22994,100
22995,100
22996,100
22997,100
22998,100
22999,100
23000,100
23001,100
23002,100
23003,100
23004,100
23005,100
23006,100
23007,100
23008,100
23009,100
23010,100
23011,100
23012,100
23013,100
23014,100
23015,100
23016,100
23017,100
23018,100
23019,100
23020,100
23021,100
23022,100
23023,100
23024,100
23025,100
23026,100
23027,100
23028,100
23029,100
23030,100
23031,100
23032,100
23033,100
23034,100
23035,100
23036,100
23037,100
23038,100
23039,100
23040,100
23041,100
23042,100
23043,100
23044,100
23045,100
23046,100
23047,100
23048,100
23049,100
23050,100
23051,100
23052,100
23053,100
23054,100
23055,100
23056,100
23057,100
23058,100
23059,100
23060,100
23061,100
23062,100
23063,100
23064,100
23065,100
23066,100
23067,100
23068,100
23069,100
23070,100
23071,100
23072,100
23073,100
23074,100
23075,100
23076,100
23077,100
23078,100
23079,100
23080,100
23081,100
23082,100
23083,100
23084,100
23085,100
23086,100
23087,100
23088,100
23089,100
23090,100
23091,100
23092,100
23093,100
23094,100
23095,100
23096,100
23097,100
23098,100
23099,100
23100,100
23101,100
23102,100
23103,100
23104,100
23105,100
23106,100
23107,100
23108,100
23109,100
23110,100
23111,100
23112,100
23113,100
23114,100
23115,100
23116,100
23117,100
23118,100
23119,100
23120,100
23121,100
23122,100
23123,100
23124,100
23125,100
23126,100
23127,100
23128,100
23129,100
23130,100
23131,100
23132,100
23133,100
23134,100
23135,100
23136,100
23137,100
23138,100
23139,100
23140,100
23141,100
23142,100
23143,100
23144,100
23145,100
23146,100
23147,100
23148,100
23149,100
23150,100
23151,100
23152,100
23153,100
23154,100
23155,100
23156,100
23157,100
23158,100
23159,100
23160,100
23161,100
23162,100
23163,100
23164,100
23165,100
23166,100
23167,100
23168,100
23169,100
23170,100
23171,100
23172,100
23173,100
23174,100
23175,100
23176,100
23177,100
23178,100
23179,100
23180,100
23181,100
23182,100
23183,100
23184,100
23185,100
23186,100
23187,100
23188,100
23189,100
23190,100
23191,100
23192,100
23193,100
23194,100
23195,100
23196,100
23197,100
23198,100
23199,100
23200,100
23201,100
23202,100
23203,100
23204,100
23205,100
23206,100
23207,100
23208,100
23209,100
23210,100
23211,100
23212,100
23213,100
23214,100
23215,100
23216,100
23217,100
23218,100
23219,100
23220,100
23221,100
23222,100
23223,100
23224,100
23225,100
23226,100
23227,100
23228,100
23229,100
23230,100
23231,100
23232,100
23233,100
23234,100
23235,100
23236,100
23237,100
23238,100
23239,100
23240,100
23241,100
23242,100
23243,100
23244,100
23245,100
23246,100
23247,100
23248,100
23249,100
23250,100
23251,100
23252,100
23253,100
23254,100
23255,100
23256,100
23257,100
23258,100
23259,100
23260,100
23261,100
23262,100
23263,100
23264,100
23265,100
23266,100
23267,100
23268,100
23269,100
23270,100
23271,100
23272,100
23273,100
23274,100
23275,100
23276,100
23277,100
23278,100
23279,100
23280,100
23281,100
23282,100
23283,100
23284,100
23285,100
23286,100
23287,100
23288,100
23289,100
23290,100
23291,100
23292,100
23293,100
23294,100
23295,100
23296,100
23297,100
23298,100
23299,100
23300,100
23301,100
23302,100
23303,100
23304,100
23305,100
23306,100
23307,100
23308,100
23309,100
23310,100
23311,100
23312,100
23313,100
23314,100
23315,100
23316,100
23317,100
23318,100
23319,100
23320,100
23321,100
23322,100
23323,100
23324,100
23325,100
23326,100
23327,100
23328,100
23329,100
23330,100
23331,100
23332,100
23333,100
23334,100
23335,100
23336,100
23337,100
23338,100
23339,100
23340,100
23341,100
23342,100
23343,100
23344,100
23345,100
23346,100
23347,100
23348,100
23349,100
23350,100
23351,100
23352,100
23353,100
23354,100
23355,100
23356,100
23357,100
23358,100
23359,100
23360,100
23361,100
23362,100
23363,100
23364,100
23365,100
23366,100
23367,100
23368,100
23369,100
23370,100
23371,100
23372,100
23373,100
23374,100
23375,100
23376,100
23377,100
23378,100
23379,100
23380,100
23381,100
23382,100
23383,100
23384,100
23385,100
23386,100
23387,100
23388,100
23389,100
23390,100
23391,100
23392,100
23393,100
23394,100
23395,100
23396,100
23397,100
23398,100
23399,100
23400,100
23401,100
23402,100
23403,100
23404,100
23405,100
23406,100
23407,100
23408,100
23409,100
23410,100
23411,100
23412,100
23413,100
23414,100
23415,100
23416,100
23417,100
23418,100
23419,100
23420,100
23421,100
23422,100
23423,100
23424,100
23425,100
23426,100
23427,100
23428,100
23429,100
23430,100
23431,100
23432,100
23433,100
23434,100
23435,100
23436,100
23437,100
23438,100
23439,100
23440,100
23441,100
23442,100
23443,100
23444,100
23445,100
23446,100
23447,100
23448,100
23449,100
23450,100
23451,100
23452,100
23453,100
23454,100
23455,100
23456,100
23457,100
23458,100
23459,100
23460,100
23461,100
23462,100
23463,100
23464,100
23465,100
23466,100
23467,100
23468,100
23469,100
23470,100
23471,100
23472,100
23473,100
23474,100
23475,100
23476,100
23477,100
23478,100
23479,100
23480,100
23481,100
23482,100
23483,100
23484,100
23485,100
23486,100
23487,100
23488,100
23489,100
23490,100
23491,100
23492,100
23493,100
23494,100
23495,100
23496,100
23497,100
23498,100
23499,100
23500,100
23501,100
23502,100
23503,100
23504,100
23505,100
23506,100
23507,100
23508,100
23509,100
23510,100
23511,100
23512,100
23513,100
23514,100
23515,100
23516,100
23517,100
23518,100
23519,100
23520,100
23521,100
23522,100
23523,100
23524,100
23525,100
23526,100
23527,100
23528,100
23529,100
23530,100
23531,100
23532,100
23533,100
23534,100
23535,100
23536,100
23537,100
23538,100
23539,100
23540,100
23541,100
23542,100
23543,100
23544,100
23545,100
23546,100
23547,100
23548,100
23549,100
23550,100
23551,100
23552,100
23553,100
23554,100
23555,100
23556,100
23557,100
23558,100
23559,100
23560,100
23561,100
23562,100
23563,100
23564,100
23565,100
23566,100
23567,100
23568,100
23569,100
23570,100
23571,100
23572,100
23573,100
23574,100
23575,100
23576,100
23577,100
23578,100
23579,100
23580,100
23581,100
23582,100
23583,100
23584,100
23585,100
23586,100
23587,100
23588,100
23589,100
23590,100
23591,100
23592,100
23593,100
23594,100
23595,100
23596,100
23597,100
23598,100
23599,100
23600,100
23601,100
23602,100
23603,100
23604,100
23605,100
23606,100
23607,100
23608,100
23609,100
23610,100
23611,100
23612,100
23613,100
23614,100
23615,100
23616,100
23617,100
23618,100
23619,100
23620,100
23621,100
23622,100
23623,100
23624,100
23625,100
23626,100
23627,100
23628,100
23629,100
23630,100
23631,100
23632,100
23633,100
23634,100
23635,100
23636,100
23637,100
23638,100
23639,100
23640,100
23641,100
23642,100
23643,100
23644,100
23645,100
23646,100
23647,100
23648,100
23649,100
23650,100
23651,100
23652,100
23653,100
23654,100
23655,100
23656,100
23657,100
23658,100
23659,100
23660,100
23661,100
23662,100
23663,100
23664,100
23665,100
23666,100
23667,100
23668,100
23669,100
23670,100
23671,100
23672,100
23673,100
23674,100
23675,100
23676,100
23677,100
23678,100
23679,100
23680,100
23681,100
23682,100
23683,100
23684,100
23685,100
23686,100
23687,100
23688,100
23689,100
23690,100
23691,100
23692,100
23693,100
23694,100
23695,100
23696,100
23697,100
23698,100
23699,100
23700,100
23701,100
23702,100
23703,100
23704,100
23705,100
23706,100
23707,100
23708,100
